File_Path,Type,Bond/Angle,Mean,Std,Count,Unit
dft_PBE/2000k/cp2k_analysis_results/bond_angle_statistics.txt,Bond Length,Si-O,1.655,0.083,432000,Angstrom
dft_PBE/2000k/cp2k_analysis_results/bond_angle_statistics.txt,Bond Length,Si-Si,3.127,0.141,216245,Angstrom
dft_PBE/2000k/cp2k_analysis_results/bond_angle_statistics.txt,Bond Length,O-O,2.709,0.183,709934,Angstrom
dft_PBE/2000k/cp2k_analysis_results/bond_angle_statistics.txt,Bond Angle,O-Si-O,109.2,9.7,648000,degrees
dft_PBE/2000k/cp2k_analysis_results/bond_angle_statistics.txt,Bond Angle,Si-O-Si,144.3,13.9,216000,degrees
dft_PBE/500k/cp2k_analysis_results/bond_angle_statistics.txt,Bond Length,Si-O,1.635,0.038,432000,Angstrom
dft_PBE/500k/cp2k_analysis_results/bond_angle_statistics.txt,Bond Length,Si-Si,3.053,0.068,216000,Angstrom
dft_PBE/500k/cp2k_analysis_results/bond_angle_statistics.txt,Bond Length,O-O,2.668,0.086,656261,Angstrom
dft_PBE/500k/cp2k_analysis_results/bond_angle_statistics.txt,Bond Angle,O-Si-O,109.4,4.9,648000,degrees
dft_PBE/500k/cp2k_analysis_results/bond_angle_statistics.txt,Bond Angle,Si-O-Si,138.7,6.6,216000,degrees
dft_PBE/1500k/cp2k_analysis_results/bond_angle_statistics.txt,Bond Length,Si-O,1.646,0.07,432000,Angstrom
dft_PBE/1500k/cp2k_analysis_results/bond_angle_statistics.txt,Bond Length,Si-Si,3.109,0.126,216023,Angstrom
dft_PBE/1500k/cp2k_analysis_results/bond_angle_statistics.txt,Bond Length,O-O,2.689,0.154,689689,Angstrom
dft_PBE/1500k/cp2k_analysis_results/bond_angle_statistics.txt,Bond Angle,O-Si-O,109.2,8.4,648000,degrees
dft_PBE/1500k/cp2k_analysis_results/bond_angle_statistics.txt,Bond Angle,Si-O-Si,143.9,13.0,216000,degrees
dft_PBE/1000k/cp2k_analysis_results/bond_angle_statistics.txt,Bond Length,Si-O,1.64,0.055,432000,Angstrom
dft_PBE/1000k/cp2k_analysis_results/bond_angle_statistics.txt,Bond Length,Si-Si,3.081,0.1,216000,Angstrom
dft_PBE/1000k/cp2k_analysis_results/bond_angle_statistics.txt,Bond Length,O-O,2.685,0.132,689210,Angstrom
dft_PBE/1000k/cp2k_analysis_results/bond_angle_statistics.txt,Bond Angle,O-Si-O,109.3,6.8,648000,degrees
dft_PBE/1000k/cp2k_analysis_results/bond_angle_statistics.txt,Bond Angle,Si-O-Si,141.2,10.6,216000,degrees
dp_20241109_clean_2/2000k/lammps_analysis_results/bond_angle_statistics.txt,Bond Length,Si-O,1.654,0.084,21599,Angstrom
dp_20241109_clean_2/2000k/lammps_analysis_results/bond_angle_statistics.txt,Bond Length,Si-Si,3.114,0.14,10802,Angstrom
dp_20241109_clean_2/2000k/lammps_analysis_results/bond_angle_statistics.txt,Bond Length,O-O,2.719,0.191,36792,Angstrom
dp_20241109_clean_2/2000k/lammps_analysis_results/bond_angle_statistics.txt,Bond Angle,O-Si-O,109.2,9.6,32397,degrees
dp_20241109_clean_2/2000k/lammps_analysis_results/bond_angle_statistics.txt,Bond Angle,Si-O-Si,143.1,14.0,10799,degrees
dp_20241109_clean_2/500k/lammps_analysis_results/bond_angle_statistics.txt,Bond Length,Si-O,1.636,0.039,21600,Angstrom
dp_20241109_clean_2/500k/lammps_analysis_results/bond_angle_statistics.txt,Bond Length,Si-Si,3.04,0.065,10800,Angstrom
dp_20241109_clean_2/500k/lammps_analysis_results/bond_angle_statistics.txt,Bond Length,O-O,3.252,0.553,84286,Angstrom
dp_20241109_clean_2/500k/lammps_analysis_results/bond_angle_statistics.txt,Bond Angle,O-Si-O,109.4,4.7,32400,degrees
dp_20241109_clean_2/500k/lammps_analysis_results/bond_angle_statistics.txt,Bond Angle,Si-O-Si,136.9,5.9,10800,degrees
dp_20241109_clean_2/1500k/lammps_analysis_results/bond_angle_statistics.txt,Bond Length,Si-O,1.647,0.071,21600,Angstrom
dp_20241109_clean_2/1500k/lammps_analysis_results/bond_angle_statistics.txt,Bond Length,Si-Si,3.101,0.124,10803,Angstrom
dp_20241109_clean_2/1500k/lammps_analysis_results/bond_angle_statistics.txt,Bond Length,O-O,2.702,0.166,35687,Angstrom
dp_20241109_clean_2/1500k/lammps_analysis_results/bond_angle_statistics.txt,Bond Angle,O-Si-O,109.2,8.4,32400,degrees
dp_20241109_clean_2/1500k/lammps_analysis_results/bond_angle_statistics.txt,Bond Angle,Si-O-Si,142.7,12.8,10800,degrees
dp_20241109_clean_2/1000k/lammps_analysis_results/bond_angle_statistics.txt,Bond Length,Si-O,1.642,0.056,21600,Angstrom
dp_20241109_clean_2/1000k/lammps_analysis_results/bond_angle_statistics.txt,Bond Length,Si-Si,3.062,0.096,10800,Angstrom
dp_20241109_clean_2/1000k/lammps_analysis_results/bond_angle_statistics.txt,Bond Length,O-O,2.684,0.125,34315,Angstrom
dp_20241109_clean_2/1000k/lammps_analysis_results/bond_angle_statistics.txt,Bond Angle,O-Si-O,109.3,6.7,32400,degrees
dp_20241109_clean_2/1000k/lammps_analysis_results/bond_angle_statistics.txt,Bond Angle,Si-O-Si,138.6,9.3,10800,degrees
lmp_bks/2000K/lammps_analysis_results/bond_angle_statistics.txt,Bond Length,Si-O,1.621,0.077,21600,Angstrom
lmp_bks/2000K/lammps_analysis_results/bond_angle_statistics.txt,Bond Length,Si-Si,3.135,0.124,10800,Angstrom
lmp_bks/2000K/lammps_analysis_results/bond_angle_statistics.txt,Bond Length,O-O,2.643,0.145,32975,Angstrom
lmp_bks/2000K/lammps_analysis_results/bond_angle_statistics.txt,Bond Angle,O-Si-O,109.3,8.1,32400,degrees
lmp_bks/2000K/lammps_analysis_results/bond_angle_statistics.txt,Bond Angle,Si-O-Si,152.9,11.8,10800,degrees
lmp_bks/500K/lammps_analysis_results/bond_angle_statistics.txt,Bond Length,Si-O,1.607,0.036,21600,Angstrom
lmp_bks/500K/lammps_analysis_results/bond_angle_statistics.txt,Bond Length,Si-Si,3.125,0.062,10799,Angstrom
lmp_bks/500K/lammps_analysis_results/bond_angle_statistics.txt,Bond Length,O-O,2.621,0.078,32401,Angstrom
lmp_bks/500K/lammps_analysis_results/bond_angle_statistics.txt,Bond Angle,O-Si-O,109.4,4.6,32400,degrees
lmp_bks/500K/lammps_analysis_results/bond_angle_statistics.txt,Bond Angle,Si-O-Si,154.0,7.4,10800,degrees
lmp_bks/1500K/lammps_analysis_results/bond_angle_statistics.txt,Bond Length,Si-O,1.616,0.066,21600,Angstrom
lmp_bks/1500K/lammps_analysis_results/bond_angle_statistics.txt,Bond Length,Si-Si,3.131,0.108,10800,Angstrom
lmp_bks/1500K/lammps_analysis_results/bond_angle_statistics.txt,Bond Length,O-O,2.633,0.127,32629,Angstrom
lmp_bks/1500K/lammps_analysis_results/bond_angle_statistics.txt,Bond Angle,O-Si-O,109.3,7.2,32400,degrees
lmp_bks/1500K/lammps_analysis_results/bond_angle_statistics.txt,Bond Angle,Si-O-Si,153.6,11.1,10800,degrees
lmp_bks/1000K/lammps_analysis_results/bond_angle_statistics.txt,Bond Length,Si-O,1.61,0.052,21600,Angstrom
lmp_bks/1000K/lammps_analysis_results/bond_angle_statistics.txt,Bond Length,Si-Si,3.128,0.09,10800,Angstrom
lmp_bks/1000K/lammps_analysis_results/bond_angle_statistics.txt,Bond Length,O-O,2.625,0.106,32526,Angstrom
lmp_bks/1000K/lammps_analysis_results/bond_angle_statistics.txt,Bond Angle,O-Si-O,109.4,6.1,32400,degrees
lmp_bks/1000K/lammps_analysis_results/bond_angle_statistics.txt,Bond Angle,Si-O-Si,154.5,10.0,10800,degrees
lmp_2015/2000k/lammps_analysis_results/bond_angle_statistics.txt,Bond Length,Si-O,1.612,0.079,21600,Angstrom
lmp_2015/2000k/lammps_analysis_results/bond_angle_statistics.txt,Bond Length,Si-Si,3.088,0.107,10803,Angstrom
lmp_2015/2000k/lammps_analysis_results/bond_angle_statistics.txt,Bond Length,O-O,2.622,0.187,34051,Angstrom
lmp_2015/2000k/lammps_analysis_results/bond_angle_statistics.txt,Bond Angle,O-Si-O,108.8,11.4,32400,degrees
lmp_2015/2000k/lammps_analysis_results/bond_angle_statistics.txt,Bond Angle,Si-O-Si,149.3,13.1,10800,degrees
lmp_2015/500k/lammps_analysis_results/bond_angle_statistics.txt,Bond Length,Si-O,1.58,0.038,21600,Angstrom
lmp_2015/500k/lammps_analysis_results/bond_angle_statistics.txt,Bond Length,Si-Si,3.076,0.053,10800,Angstrom
lmp_2015/500k/lammps_analysis_results/bond_angle_statistics.txt,Bond Length,O-O,2.575,0.087,32413,Angstrom
lmp_2015/500k/lammps_analysis_results/bond_angle_statistics.txt,Bond Angle,O-Si-O,109.3,5.5,32400,degrees
lmp_2015/500k/lammps_analysis_results/bond_angle_statistics.txt,Bond Angle,Si-O-Si,154.6,7.9,10800,degrees
lmp_2015/1500k/lammps_analysis_results/bond_angle_statistics.txt,Bond Length,Si-O,1.602,0.068,21599,Angstrom
lmp_2015/1500k/lammps_analysis_results/bond_angle_statistics.txt,Bond Length,Si-Si,3.084,0.092,10802,Angstrom
lmp_2015/1500k/lammps_analysis_results/bond_angle_statistics.txt,Bond Length,O-O,2.602,0.158,33062,Angstrom
lmp_2015/1500k/lammps_analysis_results/bond_angle_statistics.txt,Bond Angle,O-Si-O,108.9,10.0,32397,degrees
lmp_2015/1500k/lammps_analysis_results/bond_angle_statistics.txt,Bond Angle,Si-O-Si,150.9,12.0,10799,degrees
lmp_2015/1000k/lammps_analysis_results/bond_angle_statistics.txt,Bond Length,Si-O,1.591,0.053,21600,Angstrom
lmp_2015/1000k/lammps_analysis_results/bond_angle_statistics.txt,Bond Length,Si-Si,3.079,0.074,10800,Angstrom
lmp_2015/1000k/lammps_analysis_results/bond_angle_statistics.txt,Bond Length,O-O,2.589,0.131,32743,Angstrom
lmp_2015/1000k/lammps_analysis_results/bond_angle_statistics.txt,Bond Angle,O-Si-O,109.1,8.2,32400,degrees
lmp_2015/1000k/lammps_analysis_results/bond_angle_statistics.txt,Bond Angle,Si-O-Si,152.7,10.3,10800,degrees
